Amazonas;El Encanto
Amazonas;La Chorrera
Amazonas;La Pedrera
Amazonas;Leticia
Amazonas;Mirití-paraná
Amazonas;Santander
Amazonas;Tarapacá
Antioquia;Abejorral
Antioquia;Abriaqui
Antioquia;Alejandria
Antioquia;Amaga
Antioquia;Amalfi
Antioquia;Andes
Antioquia;Angelopolis
Antioquia;Angostura
Antioquia;Anori
Antioquia;Anza
Antioquia;Apartado
Antioquia;Arboletes
Antioquia;Area Metropolitana del Valle de Aburra
Antioquia;Argelia
Antioquia;Armenia
Antioquia;Barbosa
Antioquia;Bello
Antioquia;Belmira
Antioquia;Betania
Antioquia;Betulia
Antioquia;Briceño
Antioquia;Buritica
Antioquia;Caceres
Antioquia;Caicedo
Antioquia;Caldas
Antioquia;Campamento
Antioquia;Cañasgordas
Antioquia;Caracoli
Antioquia;Caramanta
Antioquia;Carepa
Antioquia;Carmen de Viboral
Antioquia;Carolina
Antioquia;Caucasia
Antioquia;Chigorodo
Antioquia;Cisneros
Antioquia;Ciudad Bolivar
Antioquia;Cocorna
Antioquia;Concepcion
Antioquia;Concordia
Antioquia;Copacabana
Antioquia;Dabeiba
Antioquia;Damasco
Antioquia;Don Matias
Antioquia;Ebejico
Antioquia;El Bagre
Antioquia;Entrerrios
Antioquia;Envigado
Antioquia;Fredonia
Antioquia;Frontino
Antioquia;Giraldo
Antioquia;Girardota
Antioquia;Gomez Plata
Antioquia;Granada
Antioquia;Guadalupe
Antioquia;Guarne
Antioquia;Guatape
Antioquia;Heliconia
Antioquia;Hispania
Antioquia;Itagüí
Antioquia;Ituango
Antioquia;Jardin
Antioquia;Jerico
Antioquia;La Ceja
Antioquia;La Estrella
Antioquia;La Pintada
Antioquia;La Unión
Antioquia;Liborina
Antioquia;Maceo
Antioquia;Marinilla
Antioquia;Medellin
Antioquia;Montebello
Antioquia;Murindo
Antioquia;Mutata
Antioquia;Nariño
Antioquia;Nechi
Antioquia;Necocli
Antioquia;Olaya
Antioquia;Palermo
Antioquia;Peñol
Antioquia;Peque
Antioquia;Pueblorrico
Antioquia;Puerto Berrío
Antioquia;Puerto Claver
Antioquia;Puerto Nare
Antioquia;Puerto Triunfo
Antioquia;Remedios
Antioquia;Retiro
Antioquia;Rionegro
Antioquia;Sabanalarga
Antioquia;Sabaneta
Antioquia;Salgar
Antioquia;San Andrés
Antioquia;San Carlos
Antioquia;San Francisco
Antioquia;San Jeronimo
Antioquia;San Jose de la Montaña
Antioquia;San Juan de Uraba
Antioquia;San Luis
Antioquia;San Pedro
Antioquia;San Pedro de Uraba
Antioquia;San Rafael
Antioquia;San Roque
Antioquia;San Vicente
Antioquia;Santa Barbara
Antioquia;Santa Fe Antioquia
Antioquia;Santa Rosa de Osos
Antioquia;Santo Domingo
Antioquia;Santuario
Antioquia;Segovia
Antioquia;Sonson
Antioquia;Sopetran
Antioquia;Tamesis
Antioquia;Taraza
Antioquia;Tarso
Antioquia;Titiribi
Antioquia;Toledo
Antioquia;Turbo
Antioquia;Uramita
Antioquia;Urrao
Antioquia;Valdivia
Antioquia;Valparaiso
Antioquia;Vegachi
Antioquia;Venecia
Antioquia;Vigia del Fuerte
Antioquia;Yali
Antioquia;Yarumal
Antioquia;Yolombo
Antioquia;Yondo
Antioquia;Zaragoza
Arauca;Arauca
Arauca;Arauquita
Arauca;Cravo Norte
Arauca;Fortul
Arauca;Puerto Nariño
Arauca;Puerto Rondon
Arauca;Saravena
Arauca;Tame
Atlántico;Baranoa
Atlántico;Barranquilla
Atlántico;Campo de la Cruz
Atlántico;Candelaria
Atlántico;Galapa
Atlántico;Juan de Acosta
Atlántico;Luruaco
Atlántico;Malambo
Atlántico;Manati
Atlántico;Palmar de Varela
Atlántico;Piojo
Atlántico;Polonuevo
Atlántico;Ponedera
Atlántico;Puerto Colombia
Atlántico;Repelon
Atlántico;Sabanagrande
Atlántico;Sabanalarga
Atlántico;Santa Lucia
Atlántico;Santo Tomas
Atlántico;Suan
Atlántico;Tubara
Atlántico;Usiacuri
Bogotá D.C.;Bogotá D.C.
Bolivar;Achi
Bolivar;Altos del Rosario
Bolivar;Arenal
Bolivar;Arjona
Bolivar;Barranco de Loba
Bolivar;Calamar
Bolivar;Cantagallo
Bolivar;Cartagena
Bolivar;Cicuco
Bolivar;Clemencia
Bolivar;Cordoba
Bolivar;El Carmen de Bolívar
Bolivar;El Guamo
Bolivar;El Peñón
Bolivar;Hatillo de Loba
Bolivar;Magangue
Bolivar;Mahates
Bolivar;Margarita
Bolivar;Maria La Baja
Bolivar;Mompos
Bolivar;Montecristo
Bolivar;Morales
Bolivar;Pinillos
Bolivar;Regidor
Bolivar;Rioviejo
Bolivar;San Cayetano
Bolivar;San Cristóbal
Bolivar;San Estanislao
Bolivar;San Fernando
Bolivar;San Jacinto
Bolivar;San Jacinto del Cauca
Bolivar;San Juan Nepomuceno
Bolivar;San Martin de Loba
Bolivar;San Pablo
Bolivar;Santa Catalina
Bolivar;Santa Rosa
Bolivar;Santa Rosa del Sur
Bolivar;Simití
Bolivar;Soplaviento
Bolivar;Talaigua Nuevo
Bolivar;Tiquisio
Bolivar;Turbaco
Bolivar;Turbana
Bolivar;Villanueva
Bolivar;Zambrano
Boyacá;Almeida
Boyacá;Aquitania
Boyacá;Arcabuco
Boyacá;Belen
Boyacá;Berbeo
Boyacá;Beteitiva
Boyacá;Boavita
Boyacá;Boyaca
Boyacá;Briceño
Boyacá;Buenavista
Boyacá;Busbanza
Boyacá;Caldas
Boyacá;Campohermoso
Boyacá;Cerinza
Boyacá;Chinavita
Boyacá;Chiquinquira
Boyacá;Chiquiza
Boyacá;Chiscas
Boyacá;Chita
Boyacá;Chitaraque
Boyacá;Chivatá
Boyacá;Chivor
Boyacá;Cienega
Boyacá;Combita
Boyacá;Coper
Boyacá;Corrales
Boyacá;Covarachía
Boyacá;Cubara
Boyacá;Cucaita
Boyacá;Cuitiva
Boyacá;Duitama
Boyacá;El Cocuy
Boyacá;El Espino
Boyacá;Firavitoba
Boyacá;Floresta
Boyacá;Gachantiva
Boyacá;Gámeza
Boyacá;Garagoa
Boyacá;Guacamayas
Boyacá;Guateque
Boyacá;Guayata
Boyacá;Güicán
Boyacá;Iza
Boyacá;Jenesano
Boyacá;Jericó
Boyacá;La Capilla
Boyacá;La Uvita
Boyacá;La Victoria
Boyacá;Labranzagrande
Boyacá;Macanal
Boyacá;Maripi
Boyacá;Miraflores
Boyacá;Mongua
Boyacá;Mongui
Boyacá;Moniquira
Boyacá;Motavita
Boyacá;Muzo
Boyacá;Nobsa
Boyacá;Nuevo Colon
Boyacá;Oicatá
Boyacá;Otanche
Boyacá;Pachavita
Boyacá;Paez
Boyacá;Paipa
Boyacá;Pajarito
Boyacá;Panqueba
Boyacá;Pauna
Boyacá;Paya
Boyacá;Paz del Rio
Boyacá;Pesca
Boyacá;Pisba
Boyacá;Pisva
Boyacá;Puerto Boyaca
Boyacá;Quipama
Boyacá;Ramiriqui
Boyacá;Raquira
Boyacá;Rondón
Boyacá;Saboya
Boyacá;Sachica
Boyacá;Samaca
Boyacá;San Eduardo
Boyacá;San Jose de Pare
Boyacá;San Luis de Gaceno
Boyacá;San Mateo
Boyacá;San Miguel de Sema
Boyacá;San Pablo de Borbur
Boyacá;Santa Maria
Boyacá;Santa Rosa de Viterbo
Boyacá;Santa Sofia
Boyacá;Santana
Boyacá;Sativanorte
Boyacá;Sativasur
Boyacá;Siachoque
Boyacá;Soata
Boyacá;Socha
Boyacá;Socota
Boyacá;Sogamoso
Boyacá;Somondoco
Boyacá;Sora
Boyacá;Soracá
Boyacá;Sotaquira
Boyacá;Susacon
Boyacá;Sutamarchan
Boyacá;Sutatenza
Boyacá;Tasco
Boyacá;Tenza
Boyacá;Tibana
Boyacá;Tibasosa
Boyacá;Tinjaca
Boyacá;Tipacoque
Boyacá;Toca
Boyacá;Togüí
Boyacá;Topaga
Boyacá;Tota
Boyacá;Tunja
Boyacá;Tunungua
Boyacá;Turmeque
Boyacá;Tuta
Boyacá;Tutazá
Boyacá;Umbita
Boyacá;Ventaquemada
Boyacá;Villa de Leyva
Boyacá;Viracacha
Boyacá;Zetaquira
Caldas;Aguadas
Caldas;Anserma
Caldas;Aranzazu
Caldas;Belalcazar
Caldas;Chinchina
Caldas;Filadelfia
Caldas;Guarinocito
Caldas;La Dorada
Caldas;La Merced
Caldas;Manizales
Caldas;Manzanares
Caldas;Marmato
Caldas;Marquetalia
Caldas;Marulanda
Caldas;Neira
Caldas;Ont. Bonito
Caldas;Pacora
Caldas;Palermo
Caldas;Palestina
Caldas;Pensilvania
Caldas;Riosucio
Caldas;Risaralda
Caldas;Salamina
Caldas;Samana
Caldas;Samaria
Caldas;Supia
Caldas;Victoria
Caldas;Villamaría
Caldas;Viterbo
Caquetá;Albania
Caquetá;Belen de Los Andaquies
Caquetá;Cartagena del Chaira
Caquetá;Curillo
Caquetá;El Doncello
Caquetá;El Paujil
Caquetá;Florencia
Caquetá;Milan
Caquetá;Montañita
Caquetá;Morelia
Caquetá;Puerto Rico
Caquetá;San Jose de Fragua
Caquetá;San Vicente del Caguan
Caquetá;Solano
Caquetá;Solita
Caquetá;Valparaiso
Casanare;Aguazul
Casanare;Chameza
Casanare;Hato Corozal
Casanare;La Salina
Casanare;Mani
Casanare;Monterrey
Casanare;Nunchia
Casanare;Orocue
Casanare;Paz de Ariporo
Casanare;Pore
Casanare;Recetor
Casanare;Sabanalarga
Casanare;Sacama
Casanare;San Luis de Palenque
Casanare;Tamara
Casanare;Tauramena
Casanare;Trinidad
Casanare;Villanueva
Casanare;Yopal
Cauca;Almaguer
Cauca;Argelia
Cauca;Balboa
Cauca;Bolivar
Cauca;Buenos Aires
Cauca;Cajibio
Cauca;Caldono
Cauca;Caloto
Cauca;Corinto
Cauca;El Bordo
Cauca;El Tambo
Cauca;Florencia
Cauca;Guachene
Cauca;Guapi
Cauca;Inza
Cauca;Jambalo
Cauca;La Sierra
Cauca;La Vega
Cauca;López de Micai
Cauca;Mercaderes
Cauca;Miranda
Cauca;Morales
Cauca;Padilla
Cauca;Paez
Cauca;Piamonte
Cauca;Piendamo
Cauca;Popayan
Cauca;Puerto Tejada
Cauca;Purace
Cauca;Rosas
Cauca;San Sebastián
Cauca;Santa Rosa
Cauca;Santander de Quilichao
Cauca;Silvia
Cauca;Sotara
Cauca;Suarez
Cauca;Timbio
Cauca;Timbiqui
Cauca;Toribio
Cauca;Totoro
Cauca;Villa Rica
Cesar;Aguachica
Cesar;Agustín Codazzi
Cesar;Albania
Cesar;Astrea
Cesar;Becerril
Cesar;Bosconia
Cesar;Chimichagua
Cesar;Chiriguana
Cesar;Curumani
Cesar;El Copey
Cesar;El Paso
Cesar;Gamarra
Cesar;González
Cesar;La Gloria
Cesar;La Jagua de Ibirico
Cesar;La Paz
Cesar;Manaure
Cesar;Pailitas
Cesar;Pelaya
Cesar;Pueblo Bello
Cesar;Rio de Oro
Cesar;San Alberto
Cesar;San Diego
Cesar;San Martin
Cesar;Tamalameque
Cesar;Valledupar
Cesar;Villanueva
Chocó;Acandi
Chocó;Alto Baudo
Chocó;Atrato
Chocó;Bagadó
Chocó;Bahia Solano
Chocó;Bajo Baudo
Chocó;Bojaya
Chocó;Condoto
Chocó;El Cantón del San Pablo
Chocó;El Carmen de Atrato
Chocó;Istmina
Chocó;Juradó
Chocó;Lloro
Chocó;Medio Baudó
Chocó;Novita
Chocó;Nuqui
Chocó;Quibdo
Chocó;Riosucio
Chocó;San Jose del Palmar
Chocó;San Juan
Chocó;Sipi
Chocó;Tado
Chocó;Unguia
Córdoba;Ayapel
Córdoba;Buenavista
Córdoba;Canalete
Córdoba;Cerete
Córdoba;Chima
Córdoba;Chinu
Córdoba;Cienaga de Oro
Córdoba;Cotorra
Córdoba;La Apartada
Córdoba;Lorica
Córdoba;Los Cordobas
Córdoba;Momil
Córdoba;Moñitos
Córdoba;Montelibano
Córdoba;Monteria
Córdoba;Planeta Rica
Córdoba;Pueblo Nuevo
Córdoba;Puerto Escondido
Córdoba;Puerto Libertador
Córdoba;Purisima
Córdoba;Sahagun
Córdoba;San Andres de Sotavento
Córdoba;San Antero
Córdoba;San Bernardo del Viento
Córdoba;San Carlos
Córdoba;San Pelayo
Córdoba;Tierralta
Córdoba;Urra
Córdoba;Valencia
Cundinamarca;Agua de Dios
Cundinamarca;Alban
Cundinamarca;Anapoima
Cundinamarca;Anolaima
Cundinamarca;Apulo
Cundinamarca;Arbelaez
Cundinamarca;Beltran
Cundinamarca;Bituima
Cundinamarca;Bojaca
Cundinamarca;Cabrera
Cundinamarca;Cachipay
Cundinamarca;Cajica
Cundinamarca;Caparrapi
Cundinamarca;Caqueza
Cundinamarca;Carmen de Carupa
Cundinamarca;Chaguani
Cundinamarca;Chia
Cundinamarca;Chipaque
Cundinamarca;Choachi
Cundinamarca;Choconta
Cundinamarca;Cogua
Cundinamarca;Cota
Cundinamarca;Cucunuba
Cundinamarca;El Colegio
Cundinamarca;El Peñon
Cundinamarca;El Rosal
Cundinamarca;Facatativa
Cundinamarca;Fomeque
Cundinamarca;Fosca
Cundinamarca;Funza
Cundinamarca;Fuquene
Cundinamarca;Fusagasuga
Cundinamarca;Gachala
Cundinamarca;Gachancipa
Cundinamarca;Gacheta
Cundinamarca;Gama
Cundinamarca;Girardot
Cundinamarca;Granada
Cundinamarca;Guacheta
Cundinamarca;Guaduas
Cundinamarca;Guasca
Cundinamarca;Guataqui
Cundinamarca;Guatavita
Cundinamarca;Guayabal de Siquima
Cundinamarca;Guayabetal
Cundinamarca;Gutierrez
Cundinamarca;Icononzo
Cundinamarca;Jerusalen
Cundinamarca;Junin
Cundinamarca;La Calera
Cundinamarca;La Mesa
Cundinamarca;La Palma
Cundinamarca;La Peña
Cundinamarca;La Vega
Cundinamarca;Lenguazaque
Cundinamarca;Macheta
Cundinamarca;Madrid
Cundinamarca;Manta
Cundinamarca;Medina
Cundinamarca;Mosquera
Cundinamarca;Nariño
Cundinamarca;Nemocon
Cundinamarca;Nilo
Cundinamarca;Nimaima
Cundinamarca;Nocaima
Cundinamarca;Pacho
Cundinamarca;Paime
Cundinamarca;Pandi
Cundinamarca;Paratebueno
Cundinamarca;Pasca
Cundinamarca;Puerto Salgar
Cundinamarca;Puli
Cundinamarca;Quebradanegra
Cundinamarca;Quetame
Cundinamarca;Quipile
Cundinamarca;Ricaurte
Cundinamarca;San Antonio de Tequendama
Cundinamarca;San Bernardo
Cundinamarca;San Cayetano
Cundinamarca;San Francisco
Cundinamarca;San Juan de Rioseco
Cundinamarca;Sasaima
Cundinamarca;Sesquile
Cundinamarca;Sibaté
Cundinamarca;Silvania
Cundinamarca;Simijaca
Cundinamarca;Soacha
Cundinamarca;Sopo
Cundinamarca;Subachoque
Cundinamarca;Suesca
Cundinamarca;Supata
Cundinamarca;Susa
Cundinamarca;Sutatausa
Cundinamarca;Tabio
Cundinamarca;Tausa
Cundinamarca;Tena
Cundinamarca;Tenjo
Cundinamarca;Tibacuy
Cundinamarca;Tibirita
Cundinamarca;Tocaima
Cundinamarca;Tocancipa
Cundinamarca;Topaipi
Cundinamarca;Ubala
Cundinamarca;Ubaque
Cundinamarca;Ubate
Cundinamarca;Une
Cundinamarca;Utica
Cundinamarca;Venecia
Cundinamarca;Vergara
Cundinamarca;Viani
Cundinamarca;Villagómez
Cundinamarca;Villapinzon
Cundinamarca;Villeta
Cundinamarca;Viota
Cundinamarca;Yacopi
Cundinamarca;Zipacon
Cundinamarca;Zipaquira
Guainia;Barranco Mina
Guainia;Cacahual
Guainia;La Guadalupe
Guainia;Morichal Nuevo
Guainia;Paná-paná
Guainia;Puerto Colombia
Guainia;Puerto Inírida
Guainia;San Felipe
Guaviare;Calamar
Guaviare;El Retorno
Guaviare;Miraflores
Guaviare;San Jose del Guaviare
Huila;Acevedo
Huila;Agrado
Huila;Aipe
Huila;Algeciras
Huila;Altamira
Huila;Baraya
Huila;Campoalegre
Huila;Colombia
Huila;Elias
Huila;Garzon
Huila;Gigante
Huila;Guadalupe
Huila;Hobo
Huila;Iquira
Huila;Isnos
Huila;La Argentina
Huila;La Plata
Huila;Nataga
Huila;Neiva
Huila;Oporapa
Huila;Paicol
Huila;Palermo
Huila;Palestina
Huila;Pital
Huila;Pitalito
Huila;Rivera
Huila;Saladoblanco
Huila;San Agustin
Huila;Santa Maria
Huila;Suaza
Huila;Tarqui
Huila;Tello
Huila;Teruel
Huila;Tesalia
Huila;Timana
Huila;Villavieja
Huila;Yaguara
La Guajira;Albania
La Guajira;Barrancas
La Guajira;Dibulla
La guajira;Distracción
La Guajira;El Molino
La Guajira;Fonseca
La Guajira;Hato Nuevo
La Guajira;Maicao
La Guajira;Riohacha
La Guajira;San Juan del Cesar
La Guajira;Uribia
La Guajira;Urumita
La Guajira;Villanueva
Magdalena;Aracataca
Magdalena;Ariguani
Magdalena;Cerro de San Antonio
Magdalena;Chivolo
Magdalena;Cienaga
Magdalena;El Banco
Magdalena;El Piñon
Magdalena;El Retén
Magdalena;Fundacion
Magdalena;Guamal
Magdalena;Pedraza
Magdalena;Pijiño del Carmen
Magdalena;Pivijay
Magdalena;Plato
Magdalena;Puebloviejo
Magdalena;Remolino
Magdalena;Salamina
Magdalena;San Sebastián de Buenavista
Magdalena;San Zenón
Magdalena;Santa Ana
Magdalena;Santa Marta
Magdalena;Sitionuevo
Magdalena;Tenerife
Meta;Acacias
Meta;Barranca de Upía
Meta;Cabuyaro
Meta;Castilla La Nueva
Meta;Cubarral
Meta;Cumaral
Meta;El Calvario
Meta;El Castillo
Meta;El Dorado
Meta;Fuente de Oro
Meta;Granada
Meta;Guamal
Meta;La Macarena
Meta;Lejanias
Meta;Mapiripán
Meta;Mesetas
Meta;Puente de Oro
Meta;Puerto Concordia
Meta;Puerto Gaitan
Meta;Puerto Lleras
Meta;Puerto Lopez
Meta;Puerto Rico
Meta;Restrepo
Meta;San Carlos de Guaroa
Meta;San Juan de Arama
Meta;San Juanito
Meta;San Martin
Meta;Uribe
Meta;Villavicencio
Meta;Vistahermosa
Nariño;Alban
Nariño;Aldana
Nariño;Ancuya
Nariño;Barbacoas
Nariño;Belen
Nariño;Bocas de Satinga
Nariño;Buesaco
Nariño;Chachagüí
Nariño;Colón
Nariño;Consacá
Nariño;Contadero
Nariño;Cordoba
Nariño;Cuaspud
Nariño;Cumbal
Nariño;Cumbitara
Nariño;El Charco
Nariño;El Peñol
Nariño;El Rosario
Nariño;El Tablón
Nariño;El Tambo
Nariño;Francisco Pizarro
Nariño;Funes
Nariño;Guachucal
Nariño;Guaitarilla
Nariño;Gualmatan
Nariño;Iles
Nariño;Imues
Nariño;Ipiales
Nariño;Iscuande
Nariño;La Cruz
Nariño;La Florida
Nariño;La Llanada
Nariño;La Tola
Nariño;La Union
Nariño;Leiva
Nariño;Linares
Nariño;Los Andes
Nariño;Magui
Nariño;Mallama
Nariño;Mosquera
Nariño;Nariño
Nariño;Olaya Herrera
Nariño;Ospina
Nariño;Pasto
Nariño;Policarpa
Nariño;Potosi
Nariño;Providencia
Nariño;Puerres
Nariño;Pupiales
Nariño;Ricaurte
Nariño;Roberto Payán
Nariño;Samaniego
Nariño;San Bernardo
Nariño;San Lorenzo
Nariño;San Pablo
Nariño;San Pedro de Cartago
Nariño;Sandona
Nariño;Santa Barbara
Nariño;Santa Cruz
Nariño;Santiago
Nariño;Sapuyes
Nariño;Sibundoy
Nariño;Tangua
Nariño;Timinango
Nariño;Tumaco
Nariño;Tuquerres
Nariño;Yacuanquer
Norte de Santander;Abrego
Norte de Santander;Bochalema
Norte de Santander;Bucarasica
Norte de Santander;Cachira
Norte de Santander;Cacota
Norte de Santander;Chinacota
Norte de Santander;Chitaga
Norte de Santander;Convencion
Norte de Santander;Cucuta
Norte de Santander;Cucutilla
Norte de Santander;Durania
Norte de Santander;El Carmen
Norte de Santander;El Tarra
Norte de Santander;El Zulia
Norte de Santander;Gramalote
Norte de Santander;Hacari
Norte de Santander;Herran
Norte de Santander;La Donjuana
Norte de Santander;La Esperanza
Norte de Santander;La Playa
Norte de Santander;Labateca
Norte de Santander;Las Mercedes
Norte de Santander;Los Patios
Norte de Santander;Lourdes
Norte de Santander;Mutiscua
Norte de Santander;Ocaña
Norte de Santander;Pamplona
Norte de Santander;Pamplonita
Norte de Santander;Puerto Santander
Norte de Santander;Ragonvalia
Norte de Santander;Salazar
Norte de Santander;San Calixto
Norte de Santander;San Cayetano
Norte de Santander;Santiago
Norte de Santander;Sardinata
Norte de Santander;Silos
Norte de Santander;Teorama
Norte de Santander;Tibu
Norte de Santander;Toledo
Norte de Santander;Villa Caro
Norte de Santander;Villa del Rosario
Putumayo;Colon
Putumayo;La Hormiga
Putumayo;Mocoa
Putumayo;Orito
Putumayo;Puerto Asis
Putumayo;Puerto Caicedo
Putumayo;Puerto Guzmán
Putumayo;Puerto Leguizamo
Putumayo;San Francisco
Putumayo;San Miguel
Putumayo;Santiago
Putumayo;Sibundoy
Putumayo;Valle del Guamuez
Putumayo;Villagarzón
Quindío;Armenia
Quindío;Buenavista
Quindío;Calarca
Quindío;Circasia
Quindío;Cordoba
Quindío;Filandia
Quindío;Genova
Quindío;La Tebaida
Quindío;Montenegro
Quindío;Pijao
Quindío;Quimbaya
Quindío;Salento
Risaralda;Alto Cauca
Risaralda;Apia
Risaralda;Balboa
Risaralda;Belen de Umbria
Risaralda;Dosquebradas
Risaralda;Guatica
Risaralda;Irra
Risaralda;La Celia
Risaralda;La Virginia
Risaralda;Marsella
Risaralda;Mistrato
Risaralda;Pereira
Risaralda;Pueblo Rico
Risaralda;Quinchia
Risaralda;San Antonio del Chami
Risaralda;Santa Rosa de Cabal
Risaralda;Santuario
San Andrés Islas;Providencia
San Andrés Islas;San Andrés
Santander;Aguada
Santander;Albania
Santander;Aratoca
Santander;Barbosa
Santander;Barichara
Santander;Barrancabermeja
Santander;Betulia
Santander;Bolivar
Santander;Bucaramanga
Santander;Cabrera
Santander;California
Santander;Capitanejo
Santander;Carcasi
Santander;Cepita
Santander;Cerrito
Santander;Charala
Santander;Charta
Santander;Chima
Santander;Chipatá
Santander;Cimitarra
Santander;Concepcion
Santander;Confines
Santander;Contratacion
Santander;Coromoro
Santander;Curiti
Santander;El Carmen de Chucuri
Santander;El Guacamayo
Santander;El Peñon
Santander;El Playon
Santander;Encino
Santander;Enciso
Santander;Florian
Santander;Floridablanca
Santander;Galan
Santander;Gambita
Santander;Giron
Santander;Guaca
Santander;Guadalupe
Santander;Guapota
Santander;Guavata
Santander;Güepsa
Santander;Hato
Santander;Jesús María
Santander;Jordan
Santander;La Belleza
Santander;La Paz
Santander;Landazuri
Santander;Lebrija
Santander;Los Santos
Santander;Macaravita
Santander;Malaga
Santander;Matanza
Santander;Mogotes
Santander;Molagavita
Santander;Ocamonte
Santander;Oiba
Santander;Olival
Santander;Onzaga
Santander;Palmar
Santander;Palmas del Socorro
Santander;Páramo
Santander;Piedecuesta
Santander;Pinchote
Santander;Puente Nacional
Santander;Puerto Parra
Santander;Puerto Wilches
Santander;Rionegro
Santander;Sabana de Torres
Santander;San Andres
Santander;San Benito
Santander;San Gil
Santander;San Joaquin
Santander;San Jose de Miranda
Santander;San Miguel
Santander;San Pablo
Santander;San Vicente de Chucuri
Santander;Santa Barbara
Santander;Santa Helena del Opón
Santander;Simacota
Santander;Socorro
Santander;Suaita
Santander;Sucre
Santander;Surata
Santander;Tona
Santander;Vado Real
Santander;Valle de San Jose
Santander;Velez
Santander;Vetas
Santander;Villanueva
Santander;Zapatoca
Sucre;Buenavista
Sucre;Caimito
Sucre;Chalan
Sucre;Coloso
Sucre;Corozal
Sucre;Coveñas
Sucre;Galeras
Sucre;Guaranda
Sucre;La Union
Sucre;Los Palmitos
Sucre;Majagual
Sucre;Morroa
Sucre;Ovejas
Sucre;Palmito
Sucre;Sampues
Sucre;San Benito
Sucre;San Benito de Abad
Sucre;San Juan de Betulia
Sucre;San Marcos
Sucre;San Onofre
Sucre;San Pedro
Sucre;Since
Sucre;Sincelejo
Sucre;Sucre
Sucre;Tolu
Sucre;Toluviejo
Territorios Nacionales;Nacional
Tolima;Alpujarra
Tolima;Alvarado
Tolima;Ambalema
Tolima;Anzoategui
Tolima;Armero (Guayabal)
Tolima;Ataco
Tolima;Cajamarca
Tolima;Cambao
Tolima;Carmen de Apicala
Tolima;Casabianca
Tolima;Casablanca
Tolima;Castilla
Tolima;Chaparral
Tolima;Chenque Asoleado
Tolima;Coello
Tolima;Convenio
Tolima;Coyaima
Tolima;Cunday
Tolima;Doima
Tolima;Dolores
Tolima;El Tablazo
Tolima;Espinal
Tolima;Falan
Tolima;Flandes
Tolima;Fresno
Tolima;Guamo
Tolima;Herbeo
Tolima;Herveo
Tolima;Honda
Tolima;Ibague
Tolima;Icononzo
Tolima;Junin
Tolima;La Arada
Tolima;La Chamba
Tolima;La Herrera
Tolima;La Sierra
Tolima;Lerida
Tolima;Libano
Tolima;Mariquita
Tolima;Melgar
Tolima;Murillo
Tolima;Natagaima
Tolima;Olaya Herrera
Tolima;Ortega
Tolima;Padua
Tolima;Pajonales
Tolima;Palocabildo
Tolima;Piedras
Tolima;Planadas
Tolima;Prado
Tolima;Purificacion
Tolima;Rioblanco
Tolima;Roncesvalles
Tolima;Rovira
Tolima;Saldaña
Tolima;San Antonio
Tolima;San Luis
Tolima;Santa Isabel
Tolima;Santa Teresa
Tolima;Santiago Perez
Tolima;Suarez
Tolima;Valle de San Juan
Tolima;Venadillo
Tolima;Villahermosa
Tolima;Villarrica
Valle del Cauca;Alcala
Valle del Cauca;Andalucia
Valle del Cauca;Ansermanuevo
Valle del Cauca;Argelia
Valle del Cauca;Bitaco
Valle del Cauca;Bolivar
Valle del Cauca;Buenaventura
Valle del Cauca;Buga
Valle del Cauca;Bugalagrande
Valle del Cauca;Caicedonia
Valle del Cauca;Cali
Valle del Cauca;Calima (Darien)
Valle del Cauca;Candelaria
Valle del Cauca;Cartago
Valle del Cauca;Dagua
Valle del Cauca;El Aguila
Valle del Cauca;El Cairo
Valle del Cauca;El Cerrito
Valle del Cauca;El Dovio
Valle del Cauca;Florida
Valle del Cauca;Ginebra
Valle del Cauca;Guacari
Valle del Cauca;Jamundi
Valle del Cauca;La Bocana
Valle del Cauca;La Cumbre
Valle del Cauca;La Dolores
Valle del Cauca;La Union
Valle del Cauca;La Victoria
Valle del Cauca;Obando
Valle del Cauca;Palmira
Valle del Cauca;Pradera
Valle del Cauca;Queremal
Valle del Cauca;Restrepo
Valle del Cauca;Riofrio
Valle del Cauca;Roldanillo
Valle del Cauca;San Pedro
Valle del Cauca;Sevilla
Valle del Cauca;Sonso
Valle del Cauca;Toro
Valle del Cauca;Trujillo
Valle del Cauca;Tulua
Valle del Cauca;Ulloa
Valle del Cauca;Versalles
Valle del Cauca;Vijes
Valle del Cauca;Yotoco
Valle del Cauca;Yumbo
Valle del Cauca;Zarzal
Vaupés;Acaricuara
Vaupés;Carurú
Vaupés;Mitu
Vaupés;Pacoa
Vaupés;Papunaua
Vaupés;Taraira
Vaupés;Villa Fatima
Vaupés;Yavaraté
Vichada;Cumaribo
Vichada;La Primavera
Vichada;Puerto Carreño
Vichada;San Jose de Ocune
Vichada;Santa Rita
Vichada;Santa Rosalia
